id,Attr4,Attr1,Attr5,Attr3,Attr2
0,4848,ANDERSON,BASSWOOD,,
1,4848,ANDERSON,BASSWOOD,,
2,4848,ANDERSON,BASSWOOD,,
3,4848,ANDERSON,BASSWOOD,,
4,666,AQUENDO,STARKEY,J,CLARA
5,660,BENITEZ,STARKEY,A,LEARONAD
6,660,BENITEZ,STARKEY,R,SAMUEL
7,660,BENITEZ,STARKEY,R,DELORES
8,102,BODNER,BANK,C,JAMEL
9,102,BODNER,BANK,L,ROSETTA
10,102,BODNER,BANK,R,MADGE
11,102,BODNER,BANK,N,ROSALIND
12,102,BODNER,BANK,L,CAROLYN
13,4906,CENTURY,BASSWOOD,R,IVAN
14,4906,CENTURY,BASSWOOD,L,RAMON
15,4906,CENTURY,BASSWOOD,B,ALICIA
16,690,CHEESMAN,STARKEY,L,DONYA
17,690,CHEESMAN,STARKEY,,DONTE
18,4836,CONYERE,BASSWOOD,S,DOMINIQUE
19,4836,CONYERE,BASSWOOD,E,CONNIE
20,202,COSGRAVE,BANK,L,SEKOV
21,202,COSGRAVE,BANK,,TIERRA
22,202,COSGRAVE,BANK,G,THERSA
23,202,COSGRAVE,BANK,L,
24,202,COSGRAVE,BANK,C,
25,729,DANIEL,RIDLEY,J,LEIVA SAMMY
26,729,DANIEL,RIDLEY,R,LEIVA THAOLYNN
27,4802,DARCOURT,BASSWOOD,G,
28,112,DECANAY,MITCHELL,A,MICHEAL
29,112,DECANAY,MITCHELL,M,AJASIA
30,112,DECANAY,MITCHELL,G,BRIANCE
31,658,DIVERS,STARKEY,J,MILEORD
32,672,DOMINGUEZ,STARKEY,K,FRANKLIN
33,672,DOMINGUEZ,STARKEY,M,SHAVON
34,652,FAUST,STARKEY,N,ANNA
35,110,FISCHGRUND,MITCHELL,M,WESTLEY
36,110,FISCHGRUND,MITCHELL,A,NADESDIA
37,110,FISCHGRUND,MITCHELL,L,DANYCE
38,686,GENE,STARKEY,C,MICHAEL
39,686,GENE,STARKEY,C,CASSANDRA
40,200,GIERINGER,BANK,W,GHOLOM
41,200,GIERINGER,BANK,W,JEFFERY
42,200,GIERINGER,BANK,W,JEFFERY
43,200,GIERINGER,BANK,D,DOUGLAS
44,200,GIERINGER,BANK,T,MAIRE
45,4816,GREEN,BASSWOOD,Z,TEMPESTT
46,4816,GREEN,BASSWOOD,L,
47,102,HENNEGGEY,MITCHELL,L,
48,102,HENNEGGEY,MITCHELL,L,
49,4810,HILL,BASSWOOD,G,RAYMOND
50,214,JIMENCZ,BANK,V,IRVIN
51,214,JIMENCZ,BANK,V,AUNDERE
52,214,JIMENCZ,BANK,S,WILLPAMINA
53,674,JIMENEZ,STARKEY,M,BARBARA
54,4926,KAY,BASSWOOD,,
55,4932,KELLY,BASSWOOD,,
56,4914,KILLION,BASSWOOD,L,JORGE
57,206,LAKATOS,BANK,M,TONYA
58,206,LAKATOS,BANK,S,DANEILLE
59,654,LASSITER,STARKEY,J,
60,654,LASSITER,STARKEY,,
61,656,LASSITER,STARKEY,K,DOROTHEA
62,656,LASSITER,STARKEY,,LELIA
63,104,LETO,MITCHELL,E,JOSEPH
64,678,MALDONADO,STARKEY,B,DEWIGHT
65,678,MALDONADO,STARKEY,,MARQUISE
66,678,MALDONADO,STARKEY,,MABLE
67,705,MALENDES,RIDLEY,,
68,705,MALENDES,RIDLEY,A,
69,4920,MCCLAIN,BASSWOOD,,
70,682,MOSQUERA,STARKEY,C,AISHA
71,682,MOSQUERA,STARKEY,G,ANDREA
72,682,MOSQUERA,STARKEY,O,ROMINE
73,682,MOSQUERA,STARKEY,O,TANYA
74,682,MOSQUERA,STARKEY,D,PRINCETTA
75,682,MOSQUERA,STARKEY,O,LAKESHIA
76,684,MOSQUERA,STARKEY,M,HERMEN
77,4830,PAIGIE,BASSWOOD,N,XANTHE
78,676,PARVA,STARKEY,V,JEMES
79,676,PARVA,STARKEY,G,
80,670,RODRIGUEZ,STARKEY,S,TOWANDA
81,670,RODRIGUEZ,STARKEY,,GEARLDINE
82,100,ROUNSEVELLE,BANK,,DEREK
83,104,SKANOS,BANK,B,DAVON
84,104,SKANOS,BANK,S,LENORA
85,680,TORRES,STARKEY,E,RANDOLPH
86,680,TORRES,STARKEY,R,FREEMAN
87,723,VALDES,RIDLEY,H,WAYNE
88,723,VALDES,RIDLEY,,THRESA
89,664,VARGAS,STARKEY,R,BRANDEN
90,664,VARGAS,STARKEY,R,ALEXANDER
91,664,VARGAS,STARKEY,L,ELIZABETH
92,727,VARGAS,RIDLEY,,THUYKIM
93,4842,WEBSTER,BASSWOOD,A,DANNY
94,4842,WEBSTER,BASSWOOD,,SHALLY
95,210,WICZALKOWSKI,BANK,J,ALEXANDER
96,210,WICZALKOWSKI,BANK,A,DOLORES
97,6540,BANK,MALIBU,D,
98,6540,BANK,MALIBU,,
99,6540,BANK,MALIBU,A,
100,6540,BANK,MALIBU,P,
101,6540,BANK,MALIBU,P,
102,6550,BARNES,MALIBU,B,
103,6550,BARNES,MALIBU,C,
104,6556,BURGERSS,MALIBU,L,
105,6556,BURGERSS,MALIBU,D,
106,6556,BURGERSS,MALIBU,L,
107,6560,BURGESS,MALIBU,L,
108,6560,BURGESS,MALIBU,E,
109,6560,BURGESS,MALIBU,C,
110,6560,BURGESS,MALIBU,D,
111,6500,BURRISS,MALIBU,A,
112,6500,BURRISS,MALIBU,,
113,6500,BURRISS,MALIBU,,
114,6546,BUTLER,MALIBU,,
115,6578,CHISOLM,MALIBU,A,
116,6578,CHISOLM,MALIBU,J,
117,6566,COATES,MALIBU,,
118,110,CONRON,ELDORADO,D,LATISHA
119,6526,COTTEN,MALIBU,C,
120,6526,COTTEN,MALIBU,R,
121,6526,COTTEN,MALIBU,A,
122,4952,DIGGS,BASSWOOD,A,
123,4952,DIGGS,BASSWOOD,A,
124,117,DORSIE,ELDORADO,A,
125,953,DUNNOCK,CARL VINSON,M,
126,115,GOINS,ELDORADO,L,
127,115,GOINS,ELDORADO,T,
128,115,GOINS,ELDORADO,R,
129,115,GOINS,ELDORADO,,
130,6520,GOWANS,MALIBU,D,
131,6520,GOWANS,MALIBU,M,
132,114,HOERRLING,ELDORADO,D,REFUS
133,114,HOERRLING,ELDORADO,D,CHRISTOPHER
134,114,HOERRLING,ELDORADO,B,ZACHARY
135,114,HOERRLING,ELDORADO,A,TRAINA
136,114,HOERRLING,ELDORADO,C,ANA
137,108,HOLMES,ELDORADO,S,GERALDO
138,108,HOLMES,ELDORADO,D,FRANCISCO
139,108,HOLMES,ELDORADO,D,ERICK
140,108,HOLMES,ELDORADO,W,LUCILLE
141,108,HOLMES,ELDORADO,,
142,109,HUGGINCHES,ELDORADO,R,
143,109,HUGGINCHES,ELDORADO,R,
144,109,HUGGINCHES,ELDORADO,A,
145,109,HUGGINCHES,ELDORADO,M,
146,112,HUTCHINSON,ELDORADO,,
147,112,HUTCHINSON,ELDORADO,,
148,112,HUTCHINSON,ELDORADO,,
149,112,HUTCHINSON,ELDORADO,,
150,957,LEVEN,CARL VINSON,M,
151,6514,MATKIN,MALIBU,L,
152,6514,MATKIN,MALIBU,L,
153,6514,MATKIN,MALIBU,,
154,6514,MATKIN,MALIBU,,
155,6508,OWENS,MALIBU,L,
156,6508,OWENS,MALIBU,G,
157,6508,OWENS,MALIBU,E,
158,6508,OWENS,MALIBU,T,
159,6508,OWENS,MALIBU,N,
160,6508,OWENS,MALIBU,S,
161,106,PAIGE,ELDORADO,,
162,113,SPRINGGS,ELDORADO,,ROY
163,4901,SYKES,MONTEGO,,
164,4901,SYKES,MONTEGO,,
165,4901,SYKES,MONTEGO,,
166,4901,SYKES,MONTEGO,,
167,6532,THOMPSON,MALIBU,,ROSETTA
168,111,TREZEVANT,ELDORADO,M,JACQUELINE
169,111,TREZEVANT,ELDORADO,M,ANA
170,111,TREZEVANT,ELDORADO,T,
171,4913,WHITAKER,MONTEGO,F,
172,4913,WHITAKER,MONTEGO,C,
173,4913,WHITAKER,MONTEGO,M,
174,4913,WHITAKER,MONTEGO,T,
175,3820,1RUMOR,HWY 54,A,DIWALDO
176,3820,1RUMOR,HWY 54,,BERNADINA
177,3820,1RUMOR,HWY 54,L,TERRAN
178,3820,1RUMOR,HWY 54,A,ZAKIYA
179,3820,1RUMOR,HWY 54,A,
180,612,ALSTIN,OCONEE,E,LEO
181,612,ALSTIN,OCONEE,,MICHEAL
182,612,ALSTIN,OCONEE,,ROSE
183,604,CAMPBELL,OCONEE,E,ANTONINO
184,604,CAMPBELL,OCONEE,A,JESSICA
185,604,CAMPBELL,OCONEE,E,MARINELA
186,604,CAMPBELL,OCONEE,D,
187,501,CARR,RUBY,B,DARRYL
188,501,CARR,RUBY,J,BERRY
189,501,CARR,RUBY,D,ROSELINE
190,14135,CARTER,22ND,,RODRICK
191,14135,CARTER,22ND,,JOANNIE
192,607,CAVAJEL,MARTIN LUTHER K,L,ADMAN
193,607,CAVAJEL,MARTIN LUTHER K,D,STEPHEN
194,607,CAVAJEL,MARTIN LUTHER K,L,MALISSA
195,607,CAVAJEL,MARTIN LUTHER K,L,SARAH
196,14180,CHAMBARS,22ND,,LAWRENCE
197,14180,CHAMBARS,22ND,F,EUGENE
198,303,COLBY,MAIN,J,
199,104,COUPE,GEORGE,,MARKO
200,104,COUPE,GEORGE,P,
201,106,CRIDER,WARE,E,GUILLERMO
202,106,CRIDER,WARE,M,MARCO
203,14220,DAVIES,22ND,U,W
204,14220,DAVIES,22ND,N,MICHELE
205,14220,DAVIES,22ND,M,RENEE
206,14220,DAVIES,22ND,N,SARAH
207,128,DEGRAENED,WARE,D,GERARDO
208,128,DEGRAENED,WARE,R,ALLAN
209,616,DORMAN,OCONEE,W,
210,616,DORMAN,OCONEE,R,
211,616,DORMAN,OCONEE,N,
212,103,DOWOKAKOKO,JOHNSON,S,GREG
213,103,DOWOKAKOKO,JOHNSON,A,A
214,103,DOWOKAKOKO,JOHNSON,A,
215,613,EASLEY,MARTIN LUTHER K,,MATTHEW
216,613,EASLEY,MARTIN LUTHER K,D,FLORIPE
217,613,EASLEY,MARTIN LUTHER K,D,KERI
218,613,EASLEY,MARTIN LUTHER K,D,NILSA
219,102,ELLIOTT,CHURCH,,CHERYL
220,102,ELLIOTT,CHURCH,A,FLAINE
221,601,ERVINE,MARTIN LUTHER K,A,ALE JARDRO
222,601,ERVINE,MARTIN LUTHER K,E,JUAN
223,601,ERVINE,MARTIN LUTHER K,T,ZIONARA
224,601,ERVINE,MARTIN LUTHER K,E,
225,14225,FREY,22ND,B,ETHNY
226,124,GARRETT,WARE,R,SHAWNETT
227,124,GARRETT,WARE,R,HARRIET
228,303,GORDON,WOODHAVEN,L,KRISTY
229,303,GORDON,WOODHAVEN,M,DIANE
230,303,GORDON,WOODHAVEN,,ROSEMARIE
231,100,GRANER,GEORGE,,DANIEL
232,100,GRANER,GEORGE,R,ROBERT
233,100,GRANER,GEORGE,A,MARJORIE
234,606,GREENE,OCONEE,A,EDUARDSO
235,606,GREENE,OCONEE,C,SONDRA
236,606,GREENE,OCONEE,A,ANN
237,606,GREENE,OCONEE,M,MICHELE
238,606,GREENE,OCONEE,A,ROSETA
239,3454,GUIDETI,HWY 54,D,
240,505,HAMMONDS,RUBY,C,JAMES
241,505,HAMMONDS,RUBY,M,LENWOOD
242,505,HAMMONDS,RUBY,R,TRACEY
243,14215,HANKINS,22ND,,STEPHENE
244,14215,HANKINS,22ND,T,PAYMM
245,608,HEAVENER,OCONEE,R,
246,608,HEAVENER,OCONEE,R,
247,608,HEAVENER,OCONEE,V,
248,503,HETTERICH,RUBY,,JOHNNY
249,14170,HOLLEY,22ND,T,MICHEAL
250,14170,HOLLEY,22ND,T,DIMON
251,14170,HOLLEY,22ND,A,KATHERINE
252,14170,HOLLEY,22ND,E,CHARLOTTE
253,3886,HUDSON,HWY 54,,JACQUELINE
254,614,HUSSEINKHEL,OCONEE,,ARCHIE
255,614,HUSSEINKHEL,OCONEE,,
256,626,KEARNS,OCONEE,A,
257,626,KEARNS,OCONEE,,
258,626,KEARNS,OCONEE,E,
259,626,KEARNS,OCONEE,M,
260,14150,KEICHENBERG,22ND,L,SUSAN
261,14150,KEICHENBERG,22ND,A,JUDY
262,622,KLEIMAN,OCONEE,B,ANTONIO
263,622,KLEIMAN,OCONEE,V,JOCELYN
264,610,LESKO,OCONEE,,CLEARANCE
265,610,LESKO,OCONEE,,BEN
266,610,LESKO,OCONEE,,
267,106,MACCIO,WARE,S,ORESTE
268,106,MACCIO,WARE,E,OLIVIA
269,14255,MARTINEZ STG,22ND,M,ERIKA
270,14255,MARTINEZ STG,22ND,,
271,14255,MARTINEZ STG,22ND,,
272,14270,MCALLISTER,22ND,M,GEOFFREY
273,14270,MCALLISTER,22ND,M,JEANETTE
274,701,MOHRING,31ST,B,DOMINIQUE
275,701,MOHRING,31ST,M,JANICE
276,305,MOSES,WOODHAVEN,,SHIRLEG
277,3732,OBROCK,HWY 54,G,
278,209,PEARL,MAIN,,
279,209,PEARL,MAIN,C,
280,14160,RAGLIN,22ND,,REYAN
281,625,REAVES,MARTIN LUTHER K,B,
282,625,REAVES,MARTIN LUTHER K,J,
283,625,REAVES,MARTIN LUTHER K,D,
284,14235,RODRIGUEZ,22ND,R,QUENTIN
285,14235,RODRIGUEZ,22ND,R,STEPHANIE
286,14240,ROTHSHILD,22ND,,PHILLIP
287,14240,ROTHSHILD,22ND,L,J
288,14240,ROTHSHILD,22ND,E,HILLIARD
289,122,RUDASILL,WARE,A,DOMINIC
290,122,RUDASILL,WARE,E,SEPTIMIA
291,122,RUDASILL,WARE,L,KIMBERLY
292,122,RUDASILL,WARE,M,ALISA
293,122,RUDASILL,WARE,S,
294,3870,RUEHLING,HWY 54,D,TRACIE
295,3870,RUEHLING,HWY 54,A,MELISSA
296,3840,RUMOR,HWY 54,A,
297,624,RUSSALL,OCONEE,S,MYRIAM
298,624,RUSSALL,OCONEE,L,JORGE
299,624,RUSSALL,OCONEE,C,LYNNETTE
300,101,SANTIAGO,JOHNSON,,PELHAM
301,101,SANTIAGO,JOHNSON,L,GEORGE
302,101,SANTIAGO,JOHNSON,E,ANGELA
303,101,SANTIAGO,JOHNSON,T,JESSEE
304,3556,SQUILLANTE,HWY 54,A,LUIS
305,3556,SQUILLANTE,HWY 54,,GERAR
306,600,SWAGOI,OCONEE,A,CHARLES
307,600,SWAGOI,OCONEE,M,ISRAEL
308,600,SWAGOI,OCONEE,T,MARY CAROLE
309,600,SWAGOI,OCONEE,B,
310,600,SWAGOI,OCONEE,C,
311,14230,SYKS,22ND,M,KATHERINE
312,201,TONSTALL,MAIN,L,NICHOLE
313,201,TONSTALL,MAIN,C,MARY
314,201,TONSTALL,MAIN,J,HARRIETT
315,603,WASHINGTON,MARTIN LUTHER K,P,J
316,603,WASHINGTON,MARTIN LUTHER K,I,STEPHENS
317,603,WASHINGTON,MARTIN LUTHER K,P,AMAURY
318,603,WASHINGTON,MARTIN LUTHER K,E,XIOMARA
319,3850,WIESMAN,HWY 54,V,
320,7111,BELL,3RD,M,GLORIANNE
321,7126,BRAWD,2ND,J,ALLEN
322,7126,BRAWD,2ND,D,ANN0
323,410,CARTER,72ND,B,JEAN
324,7134,DUCOTY,3RD,S,DOUGASS
325,7134,DUCOTY,3RD,C,MICLELLE
326,72ND,DUFFY,,A 400,TYLER  L
327,72ND,DUFFY,,J 400,TYLER  D
328,400,DUFFY,72ND,M,TYLER   BENJAMIN
329,400,DUFFY,72ND,,TYLER   ALICIA
330,400,DUFFY,72ND,L,TYLER   GERALDENE
331,400,DUFFY,72ND,M,TYLER   NATSHA
332,419,EHM,VILLAGRANDE,A,JESUS
333,419,EHM,VILLAGRANDE,J,ETHEL
334,419,EHM,VILLAGRANDE,M,
335,401,GASBARRO,VILLAGRANDE,U,PABLOS
336,401,GASBARRO,VILLAGRANDE,,LEANNE
337,401,GASBARRO,VILLAGRANDE,K,ERIN
338,401,GASBARRO,VILLAGRANDE,,JO
339,401,GASBARRO,VILLAGRANDE,A,
340,318,HELLER,72ND,J,DIXION
341,318,HELLER,72ND,J,DOREN
342,318,HELLER,72ND,J,TEGIRA
343,318,HELLER,72ND,M,AGELEON
344,318,HELLER,72ND,J,
345,318,HELLER,72ND,A,
346,7100,HOPPER,2ND,C,ARISTIDES
347,7100,HOPPER,2ND,C,CARLOS
348,7100,HOPPER,2ND,B,ROSEY
349,7127,HUBRIC,3RD,P,CHARLES
350,7127,HUBRIC,3RD,,DIANE
351,231,PAINE WELLS,71ST,J,SIGFREDO
352,231,PAINE WELLS,71ST,J,AGEL
353,231,PAINE WELLS,71ST,J,OSWALDO
354,231,PAINE WELLS,71ST,J,IGNACIO
355,231,PAINE WELLS,71ST,C,BARBARA
356,427,PENSETH,VILLAGRANDE,J,JEFFREY
357,427,PENSETH,VILLAGRANDE,A,THRESA
358,427,PENSETH,VILLAGRANDE,A,ANNE
359,7139,POLLACK,3RD,E,ANDREW
360,7139,POLLACK,3RD,F,JAMAR
361,7139,POLLACK,3RD,S,DARON
362,7139,POLLACK,3RD,P,SHAWN
363,7139,POLLACK,3RD,J,MIRIAM
364,7139,POLLACK,3RD,A,LEAH
365,7112,ROWEN,2ND,J,CHRISTOPHER
366,7112,ROWEN,2ND,A,EARNEST
367,7112,ROWEN,2ND,,CATHY
368,7112,ROWEN,2ND,C,ELFRIEDA
369,430,SAUNDERS,72ND,G,NICOLAS
370,430,SAUNDERS,72ND,L,CATHERINE
371,7121,SCCHWARTZ,3RD,F,JOHN
372,7121,SCCHWARTZ,3RD,E,TRICIA
373,441,SMALLS,VILLAGRANDE,P,JEFFREY
374,441,SMALLS,VILLAGRANDE,B,INGER
375,441,SMALLS,VILLAGRANDE,J,
376,441,SMALLS,VILLAGRANDE,A,
377,309,ARCHER,WOODHAVEN,C,MARC
378,309,ARCHER,WOODHAVEN,A,JEAN
379,108,BELTRAN,BRANTWOOD,C,LAWRENCE
380,108,BELTRAN,BRANTWOOD,J,JEFF
381,108,BELTRAN,BRANTWOOD,M,SOUTA
382,114,BELTRAN,BRANTWOOD,A,ELMER
383,114,BELTRAN,BRANTWOOD,A,WILEY
384,114,BELTRAN,BRANTWOOD,M,GISELA
385,114,BELTRAN,BRANTWOOD,M,RUTH ANN
386,313,CAGER,WOODHAVEN,M,EDWIN
387,313,CAGER,WOODHAVEN,M,EARLE
388,313,CAGER,WOODHAVEN,J,ROSETTA
389,512,COBEZA,WOODHAVEN,,RONNIE
390,512,COBEZA,WOODHAVEN,R,KENNETH
391,512,COBEZA,WOODHAVEN,E,SHAWN
392,512,COBEZA,WOODHAVEN,M,
393,503,DORSEY,WOODHAVEN,S,ARY
394,503,DORSEY,WOODHAVEN,J,MELISSA
395,503,DORSEY,WOODHAVEN,M,DEBBIE
396,503,DORSEY,WOODHAVEN,L,ENDA
397,311,DRENMON,WOODHAVEN,F,ISSAC
398,311,DRENMON,WOODHAVEN,R,ERNEST
399,311,DRENMON,WOODHAVEN,A,THERESA
400,514,FLEEK,WOODHAVEN,,JOANNIE
401,514,FLEEK,WOODHAVEN,,ANNTIONETTE
402,405,FLOWERS,WOODHAVEN,J,STANLY
403,405,FLOWERS,WOODHAVEN,M,COVNELIA
404,100,GALIDEZ,BRANTWOOD,E,KEN
405,100,GALIDEZ,BRANTWOOD,E,ENZELEE
406,100,GALIDEZ,BRANTWOOD,M,MICHELLE
407,100,GALIDEZ,BRANTWOOD,M,CHATERAH
408,106,HILLEGAS,BRANTWOOD,E,GIANNI
409,106,HILLEGAS,BRANTWOOD,,JANICE
410,106,HILLEGAS,BRANTWOOD,E,HAILLE
411,106,HILLEGAS,BRANTWOOD,C,ROSA
412,106,HILLEGAS,BRANTWOOD,E,JAMIE
413,107,HOLLOWAY,ELDORADO,C,SCOT
414,107,HOLLOWAY,ELDORADO,T,JENIFFER
415,501,KEARNEY,WOODHAVEN,E,SHANIKA
416,501,KEARNEY,WOODHAVEN,E,ASHELY
417,501,KEARNEY,WOODHAVEN,J,SHERMISE
418,105,MANGUM,ELDORADO,J,ROB
419,105,MANGUM,ELDORADO,E,BAKIA
420,509,MITCHELLL,WOODHAVEN,J,JEROME
421,509,MITCHELLL,WOODHAVEN,M,DONETTA
422,101,RADRIGZ,ELDORADO,D,JOSH
423,101,RADRIGZ,ELDORADO,E,RUGY
424,112,RAMAS,BRANTWOOD,K,SONJA
425,110,RHODES,BRANTWOOD,L,JEFF
426,110,RHODES,BRANTWOOD,,HENRIETTE
427,110,RHODES,BRANTWOOD,M,JANNIE
428,110,RHODES,BRANTWOOD,N,JOANN
429,104,RIBERA,BRANTWOOD,U,JOHONNY
430,104,RIBERA,BRANTWOOD,K,STUART
431,315,RICHARDSON,WOODHAVEN,E,EMMETTE
432,315,RICHARDSON,WOODHAVEN,R,TAMIKA
433,102,STAPPY,BRANTWOOD,F,JEFF
434,102,STAPPY,BRANTWOOD,E,FRANKLIN
435,102,STAPPY,BRANTWOOD,F,ELLA LOUISE
436,102,STAPPY,BRANTWOOD,B,QUAYN
437,102,STAPPY,BRANTWOOD,A,ARLIE
438,505,STEWARD,WOODHAVEN,A,FREDERICK
439,505,STEWARD,WOODHAVEN,A,CHANTEL
440,307,WCIGNT,WOODHAVEN,,BRIAN
441,307,WCIGNT,WOODHAVEN,H,MAXICINE
442,103,WILKES,ELDORADO,W,BEN
443,103,WILKES,ELDORADO,M,STEVE
444,103,WILKES,ELDORADO,L,HARRIETTE
445,510,WILLIAMS,WOODHAVEN,A,CHARLIE
446,510,WILLIAMS,WOODHAVEN,V,SHERRI
447,403,YETES,WOODHAVEN,E,CHANCE
448,403,YETES,WOODHAVEN,S,ALFREDRICK
449,345,AHREWS,71ST,A,MARITZA
450,345,AHREWS,71ST,B,MARIANNA
451,660,BENETAS,STARKEY,A,LENARD
452,660,BENETAS,STARKEY,R,SAMMY
453,660,BENETAS,STARKEY,R,DOLORES
454,102,BODMER,BANKS,C,JAMAR
455,102,BODMER,BANKS,L,ROSSITA
456,102,BODMER,BANKS,R,MAG
457,102,BODMER,BANKS,N,ROZELLIN
458,102,BODMER,BANKS,L,CATHERINE
459,104,CETO,MITCHELL,E,J
460,690,CHEESEMAN,STARKEY,L,DANYA
461,690,CHEESEMAN,STARKEY,E,DANTE
462,4836,CONNER,BASSWIDE,S,DOMINQUE
463,4836,CONNER,BASSWIDE,E,COHNIE
464,202,COSGRAOE,BANKS,L,SEKOU
465,202,COSGRAOE,BANKS,,TREIRA
466,202,COSGRAOE,BANKS,G,THERESA
467,112,DACANAY,MITCHELL,A,MICHAEL
468,112,DACANAY,MITCHELL,,A JASIA
469,112,DACANAY,MITCHELL,G,BRIANCA
470,729,DANIEL-LEIVA,RIDLEY,J,SAM
471,729,DANIEL-LEIVA,RIDLEY,R,THAU LYNN
472,658,DIVER,STARKEY,J,MILFORD
473,672,DOMINQUEZ,STARKEY,K,FRANK
474,672,DOMINQUEZ,STARKEY,M,SHAVAN
475,612,ENGELSKIRCH,STARKEY,,ISAAE
476,612,ENGELSKIRCH,STARKEY,,JEANELLE
477,4940,FAIRIE,BASSWOOD,W,LOUIS
478,110,FISCHARUND,MITCHELL,M,WESLEY
479,110,FISCHARUND,MITCHELL,A,NADESHIA
480,110,FISCHARUND,MITCHELL,L,DANYELLE
481,614,GECKLE,STARKEY,,RUNEE
482,614,GECKLE,STARKEY,T,RALPAL
483,325,GERING,71ST,T,RROBERT
484,200,GERINGER,BANK,W,GHOLAN
485,200,GERINGER,BANK,W,JEFFREY
486,200,GERINGER,BANK,W,JEFFREY
487,200,GERINGER,BANK,D,DOUGLASS
488,200,GERINGER,BANK,T,MARIE
489,725,GLICK,RIDLEY,N,NATHANIAL
490,4816,GREENE,BASSWOOD,Z,TEMPEST
491,4810,HALL,BASSWOOD,,RAYMON
492,4914,HILLION,BASSWOOD,L,GEORGE
493,686,JEANS,STARKEY,D,KEYAN
494,686,JEANS,STARKEY,,MICHEAL
495,686,JEANS,STARKEY,C,CASANDRA
496,674,JIMEMEZ,STARKEY,Y,SANDERA
497,674,JIMEMEZ,STARKEY,M,BARBRA
498,214,JIMENEZ,BANKS,,IRWIN
499,214,JIMENEZ,BANKS,,ANDRE
500,214,JIMENEZ,BANKS,,WILHEMENIA
501,4932,KELLEY,BASSWOOD,W,FREDRICK
502,206,LAKHTOSH,BANKS,M,TONY
503,206,LAKHTOSH,BANKS,S,DANIELLE
504,656,LASITTER,STARKEY,K,DORATHEA
505,656,LASITTER,STARKEY,M,LELA
506,678,MALDONABO,STARKEY,B,DWIGHT
507,678,MALDONABO,STARKEY,E,MARQUIS
508,678,MALDONABO,STARKEY,,MABEL
509,7124,MORGAN,3RD,A,DARYL
510,7124,MORGAN,3RD,,KEVEIN
511,684,MOSGERA,STARKEY,M,HERMAN
512,682,MOSGUERA,STARKEY,C,IASHA
513,682,MOSGUERA,STARKEY,G,ANDRE
514,682,MOSGUERA,STARKEY,O,ROMAINE
515,682,MOSGUERA,STARKEY,O,TAWYA
516,682,MOSGUERA,STARKEY,D,PRINCETTE
517,682,MOSGUERA,STARKEY,O,KEISHA
518,666,OQUENDO,STARKEY,J,CLAIRE
519,4830,PAIGE,BASSWOOD,,XANTHA
520,676,PARRA,STARKEY,V,JEMOS
521,652,RAUST,STARKEY,N,ANN
522,670,RODREQUE,STARKEY,S,TAWANA
523,670,RODREQUE,STARKEY,A,GERALDINE
524,100,ROUNSVELLE,BANKS,E,DERRICK
525,4906,SENTRY,BASSWOOD,R,IRAN
526,4906,SENTRY,BASSWOOD,L,RAYMOND
527,4906,SENTRY,BASSWOOD,J,ALLICIA
528,104,SHANKS,BANKS,B,DAVONE
529,104,SHANKS,BANKS,S,LONORA
530,680,TORRIS,STARKEY,,RANDOLFF
531,680,TORRIS,STARKEY,R,FREMAN
532,723,VALDEZ,RIDLEY,H,WYANE
533,723,VALDEZ,RIDLEY,,THERESA
534,727,VARGAS MUNOZ,RIDLEY,G,THUY KIM
535,664,VARGAS-HERNAN,STARKEY,R,BRANDON
536,664,VARGAS-HERNAN,STARKEY,R,ALEXANDE
537,664,VARGAS-HERNAN,STARKEY,L,ELIZBETH
538,4842,WESTERN,BASSWOOD,,DONNY
539,4842,WESTERN,BASSWOOD,,SALLY
540,210,WIZALKOWSKI,BANKS,J,ALEXDER
541,210,WIZALKOWSKI,BANKS,A,DELORES
542,110,CANNON,EL DORADO,D,LATESHA
543,626,DORSER,STARKEY,,KATHY
544,114,HOERNING,EL DORADO,D,RUFUS
545,114,HOERNING,EL DORADO,D,CHISTOPHER
546,114,HOERNING,EL DORADO,,ZACNARY
547,114,HOERNING,EL DORADO,,TRINA
548,114,HOERNING,EL DORADO,,ANNA
549,4946,JOHNS,BASSWOOD,,STEPHEN
550,4946,JOHNS,BASSWOOD,,GLURIA
551,108,JOLMES,EL DORADO,F,GERARDO
552,108,JOLMES,EL DORADO,D,FRANCISO
553,108,JOLMES,EL DORADO,D,ERIK
554,108,JOLMES,EL DORADO,,LUCILE
555,624,KENNY,STARKEY,,DANYAE
556,113,SPRIGGS,EL DORADO,,RAY
557,111,TREAEVANT,EL DORADO,M,JACKIE
558,111,TREAEVANT,EL DORADO,M,ANNA
559,612,ALSTON,OCONEE,E,LED
560,612,ALSTON,OCONEE,,MICHAEL
561,612,ALSTON,OCONEE,,ROSEMARY
562,634,BARRETT,STARKEY,,KENDALL
563,634,BARRETT,STARKEY,L,YUNAISY
564,6041 / 2,CAMBLE,OCONEE,E,ANTOIENO
565,6041 / 2,CAMBLE,OCONEE,A,JESSICIA
566,6041 / 2,CAMBLE,OCONEE,E,MARNELA
567,501,CARL,RUBY,B,DERRYL
568,501,CARL,RUBY,J,BARRY
569,501,CARL,RUBY,D,ROSELIME
570,14135,CARTIER,22,C,RODERICK
571,14135,CARTIER,22,,JOAN
572,607,CARVAJAL,MARTIN LUTHER K,L,ADRIAN
573,607,CARVAJAL,MARTIN LUTHER K,D,STEVEN
574,607,CARVAJAL,MARTIN LUTHER K,L,MILISSA
575,607,CARVAJAL,MARTIN LUTHER K,L,SARA
576,14180,CHAMBERS,22,,LAURENCE
577,14180,CHAMBERS,22,E,EUGENIO
578,303,COBY,MAIN,D,MIKE
579,303,COBY,MAIN,A,WILIAMS
580,303,COBY,MAIN,,ANGELA
581,303,COBY,MAIN,Y,LASHIWN
582,106,CRIBER,WARE,E,GOILLERMO
583,106,CRIBER,WARE,M,MARCOS
584,14220,DAVIS,22,E,WINDY
585,14220,DAVIS,22,N,MICHELLE
586,14220,DAVIS,22,M,RENNE
587,14220,DAVIS,22,N,SARA
588,128,DEGRAGENRIED,WARE,D,JERARDO
589,128,DEGRAGENRIED,WARE,R,ALLEN
590,638,DICKERSON,STARKEY,,MARY LOU
591,613,EASELY,MARTIN LUTHER K,,MATHEW
592,613,EASELY,MARTIN LUTHER K,D,FLORY
593,613,EASELY,MARTIN LUTHER K,D,KERRY
594,613,EASELY,MARTIN LUTHER K,D,NILSAIVETTE
595,102,ELLICATT-KEAN,CHURCH,,SHERYL
596,102,ELLICATT-KEAN,CHURCH,A,ELAINE
597,636,FOSTER,STARKEY,,MARYANN
598,14225,FRY,22 PC,B,EPHNY
599,100,GARNER,GEORGE,,DANNY
600,100,GARNER,GEORGE,R,ROBERTO
601,100,GARNER,GEORGE,A,MAJORIE
602,124,GARRET,WARE,R,SHARNETT
603,124,GARRET,WARE,,HARRET
604,303,GORODN,WOODHAVEN,L,KRISTY LEIGH
605,303,GORODN,WOODHAVEN,,DIANE MARIE
606,303,GORODN,WOODHAVEN,,ROSE MARIE
607,606,GREEN,OCONEE,A,EDVARDO
608,606,GREEN,OCONEE,C,SANDRA
609,606,GREEN,OCONEE,A,ANNE
610,606,GREEN,OCONEE,M,MICHELLE
611,606,GREEN,OCONEE,A,ROSETTE
612,640,HACHETT,STARKEY,D,CORTE
613,640,HACHETT,STARKEY,E,DENARIO
614,640,HACHETT,STARKEY,D,EYVETTE
615,640,HACHETT,STARKEY,Y,ALISA
616,505,HAMMOND,RUBY,,JOAMES
617,505,HAMMOND,RUBY,,LENWOOD REV
618,505,HAMMOND,RUBY,R,TRACI
619,14215,HASKINS,22,,STEFAN
620,14215,HASKINS,22,T,PAMELA
621,608,HEAVAENER,OCONEE,,FLORRE
622,608,HEAVAENER,OCONEE,S,JEFFREY
623,608,HEAVAENER,OCONEE,,WILSREVO
624,618,HENRIKSON,OCONEE,I,SAMIAR
625,618,HENRIKSON,OCONEE,H,SAMANTHA
626,618,HENRIKSON,OCONEE,T,DOROTHEA
627,618,HENRIKSON,OCONEE,E,DONNA MARIE
628,618,HENRIKSON,OCONEE,L,PHYLLIS
629,14170,HOLLY,22,T,MICHAEL
630,14170,HOLLY,22,T,DAMOEN
631,14170,HOLLY,22,A,CATHRINE
632,14170,HOLLY,22,E,CHARCOTTE
633,603,HOSHINGTON,MARTIN LUTHER K,P,JEFFREY
634,603,HOSHINGTON,MARTIN LUTHER K,I,STEVEN
635,603,HOSHINGTON,MARTIN LUTHER K,P,MAURI
636,603,HOSHINGTON,MARTIN LUTHER K,E,XLONARA
637,628,HULLEY,STARKEY,B,ANTHONY
638,628,HULLEY,STARKEY,M,DIANE
639,614,HUSSEINKEL,OCONEE,,ARCHIBALD
640,3886,HUTSON,HWY 54,,JACQUELIN
641,601,IRVIN,MARTIN LUTHER K,A,ALEJANDRO
642,601,IRVIN,MARTIN LUTHER K,E,IVAN
643,601,IRVIN,MARTIN LUTHER K,T,ZIONAIRE
644,622,KLEINMAN,OCONEE,B,ANTONIA
645,622,KLEINMAN,OCONEE,V,JOSLYN
646,104,KOUPE,GEORGE,,MARCO
647,3820,KUMOR,HWY 54,A,DINWARDO
648,3820,KUMOR,HWY 54,,BERNADINE
649,3820,KUMOR,HWY 54,L,TERRENCE
650,3820,KUMOR,HWY 54,C,ZAKAYA
651,3840,KUMOR,HWY 54,,DAGOBERTO
652,3840,KUMOR,HWY 54,,CORRINE
653,610,LESCO,OCONEE,,CLARENCE
654,610,LESCO,OCONEE,,BAN
655,14255,MARTINEZ,22,,ERICA
656,101,MATEO,JOHNSON,,DELHAM
657,101,MATEO,JOHNSON,L,GEORGE DR
658,101,MATEO,JOHNSON,E,ANGLA
659,101,MATEO,JOHNSON,,JESSE
660,14270,MCALISTER,22,M,GEOFFRY
661,14270,MCALISTER,22,M,JANETT
662,650,MITCHELL,STARKEY,V,THE IMA
663,701,MOHRINA,31,B,DOMINIC
664,701,MOHRINA,31,M,JANIS
665,305,MOSER,WOODHAVEN,,SHIRLEY
666,106,MUCCIO,1/2 WARE,S,ORESTES
667,106,MUCCIO,1/2 WARE,E,LIVIA
668,103,OLOWOKAKOKO,JOHNSON,S,GREGORY
669,103,OLOWOKAKOKO,JOHNSON,A,AE
670,3960,PARK,HWY 54,,VERCONIA
671,3960,PARK,HWY 54,,DELORES
672,503,PETTRICH,RUBY,,JOHNNIE
673,625,REEVES,MARTIN LUTHER K,L,WILLY
674,625,REEVES,MARTIN LUTHER K,F,DOUGLASS
675,625,REEVES,MARTIN LUTHER K,M,NWAMAKA
676,14150,REICHENBERG,22,L,SUE
677,14150,REICHENBERG,22,A,TRUDY
678,14235,RODRIGUES,22,,QUINTON
679,14235,RODRIGUES,22,,STEPHINE
680,14160,ROGLIN,22,J,REYANN
681,14240,ROTHCHILD,224,,PHILIP
682,14240,ROTHCHILD,224,L,JAYANN
683,14240,ROTHCHILD,224,E,HILDRED
684,122,RUDAGILL,WARE,A,DOMINI
685,122,RUDAGILL,WARE,E,SEPTIMIO
686,122,RUDAGILL,WARE,L,KIMBERY
687,122,RUDAGILL,WARE,M,ALASIA
688,3870,RUIHLING,HWY 54,D,TRACIE LEE
689,3870,RUIHLING,HWY 54,A,MELLISSA
690,624,RUSSELL,OCONEE,S,MIRIAM
691,624,RUSSELL,OCONEE,L,JONGE
692,624,RUSSELL,OCONEE,C,LYNN
693,600,SHAWQI,OCONEE,,CHARES
694,600,SHAWQI,OCONEE,,ISAREL
695,600,SHAWQI,OCONEE,,MARYCAROLE
696,632,SINEFIELD,STARKEY,,SHEILA
697,14245,SOLLIVAN,22,,EVENS
698,14245,SOLLIVAN,22,D,BRANDIE
699,14245,SOLLIVAN,22,G,ANNE
700,3556,SQUILLANGE,HWY 54,A,LOUIS
701,3556,SQUILLANGE,HWY 54,A,GERARD
702,14230,SYKES,22,M,KATHY
703,201,TUNSTALL,MAIN,,NICOLE
704,201,TUNSTALL,MAIN,C,MARY ANNE
705,201,TUNSTALL,MAIN,J,HARRIET
706,7126,BRAND,2ND,J,ALAN
707,7126,BRAND,2ND,D,ANN
708,410,CARTE,72ND,,JEANNE
709,618,DAVID,STARKEY,M,TRYONE
710,618,DAVID,STARKEY,,HOANG
711,7134,DOCUTY,3RD,S,DOUGLAS
712,7134,DOCUTY,3RD,C,MICHELLE
713,400,DUFFY-TYLER,72ND,A,LAWRENCE
714,400,DUFFY-TYLER,72ND,F,DAVID
715,400,DUFFY-TYLER,72ND,M,BEN
716,400,DUFFY-TYLER,72ND,,ALLICIA
717,400,DUFFY-TYLER,72ND,L,GERALDINE
718,400,DUFFY-TYLER,72ND,,NATASHA
719,419,ELM,VILLAGRANDE,A,GISUS
720,419,ELM,VILLAGRANDE,J,ETHLEW
721,610,FENSTER-PENNE,STARKEY,L,JEANNE
722,401,GASBARRD,VILLAGRANDE,V,PABLO
723,401,GASBARRD,VILLAGRANDE,G,LE ANNE
724,401,GASBARRD,VILLAGRANDE,K,AFRIN
725,401,GASBARRD,VILLAGRANDE,M,JO ANNE
726,602,GEHRING,STARKEY,A,BIANCA
727,606,HACKER,STARKEY,M,ZUNZELL
728,606,HACKER,STARKEY,M,CORNLIUS
729,600,HALLORAW,STARKEY,A,MARIEA
730,380,HELER,72ND,J,DIXIE
731,380,HELER,72ND,J,DORIAN
732,380,HELER,72ND,J,TEAIRA
733,380,HELER,72ND,M,ANGELEAN
734,7100,HOOPER,2ND,C,ARISTIDIS
735,7100,HOOPER,2ND,C,CARLO
736,7100,HOOPER,2ND,B,ROSETTA
737,7127,HUBRICK,3RD,P,CHARLS
738,7127,HUBRICK,3RD,,JANICE
739,231,PAINE-WELLS,71ST,J,SIFRIDO
740,231,PAINE-WELLS,71ST,,ABEL
741,231,PAINE-WELLS,71ST,J,WALDO
742,231,PAINE-WELLS,71ST,J,IGANACIO
743,231,PAINE-WELLS,71ST,L,BARBRA
744,427,PENSMITH,VILLAGRANDE,J,JEFFERY
745,427,PENSMITH,VILLAGRANDE,A,THRESSA
746,427,PENSMITH,VILLAGRANDE,A,ANN
747,7139,POLLOCK,3RD,,ANDREW
748,7139,POLLOCK,3RD,F,JAMAL
749,7139,POLLOCK,3RD,S,DAVON
750,7139,POLLOCK,3RD,P,SHAUN
751,7139,POLLOCK,3RD,J,MIRIAN
752,7139,POLLOCK,3RD,A,LEHA
753,604,REEVER,STARKEY,A,KENNETH
754,7112,ROWAN,2ND,J,CRISTOPHER
755,7112,ROWAN,2ND,A,ERNEST
756,7112,ROWAN,2ND,,CATHERINE
757,7112,ROWAN,2ND,L,ALFREDA
758,430,SANDERS,72ND,G,NICHOLAS
759,430,SANDERS,72ND,L,KATHY
760,7121,SCHWARTZ,3RD,F,JOAN
761,7121,SCHWARTZ,3RD,E,PATRICIA
762,441,SMALL,VILLAGRANDE,P,JEFFERY
763,441,SMALL,VILLAGRANDE,B,ENGER
764,7111,VELL,3RD,M,GLORIANE
765,309,ARCHBR,WOODHAVEN,C,MACK
766,309,ARCHBR,WOODHAVEN,A,J
767,114,BELTAN,BRANTWOOD,A,ELAM
768,114,BELTAN,BRANTWOOD,A,WYLIE
769,114,BELTAN,BRANTWOOD,M,GISELLA
770,114,BELTAN,BRANTWOOD,M,RUTHANN
771,108,BETRAN,BRANTWOOD,,LAWRENE
772,108,BETRAN,BRANTWOOD,,JEFFREY
773,108,BETRAN,BRANTWOOD,,SOLITA
774,313,COGER,WOODHAVEN,M,EDDIE
775,313,COGER,WOODHAVEN,M,EARL
776,313,COGER,WOODHAVEN,J,ROSSITA
777,503,DORSLY,WOODHAVEN,S,GARY
778,503,DORSLY,WOODHAVEN,J,MELLISA
779,503,DORSLY,WOODHAVEN,M,DEBNA
780,503,DORSLY,WOODHAVEN,L,EDNA
781,311,DRENNON,WOODHAVEN,F,ISAAC
782,311,DRENNON,WOODHAVEN,R,EARNEST
783,311,DRENNON,WOODHAVEN,A,THERSA
784,514,FLEET,WOODHAVEN,,JOHNNIE
785,514,FLEET,WOODHAVEN,,ANTOINETTE
786,405,FLOWER,WOODHAVEN,J,STANLEY
787,405,FLOWER,WOODHAVEN,M,CORNELIA
788,100,GALINDE,BRANTWOOD,E,KENNETH
789,100,GALINDE,BRANTWOOD,E,ENZNZELLE
790,100,GALINDE,BRANTWOOD,G,LACHELLE
791,100,GALINDE,BRANTWOOD,M,CHATYRA
792,106,HILLEGASS,BRANTWOOD,E,JOHNNIE
793,106,HILLEGASS,BRANTWOOD,,JENIA
794,106,HILLEGASS,BRANTWOOD,E,HAILIE
795,106,HILLEGASS,BRANTWOOD,C,ROSE
796,106,HILLEGASS,BRANTWOOD,E,JONIE
797,107,HULLOWAY,ELDORADA,C,SCOTT
798,107,HULLOWAY,ELDORADA,T,JENNIFER
799,7114,JONES,3RD,J,PRESPEU
800,7114,JONES,3RD,K,NAOMI
801,7114,JONES,3RD,M,LUC
802,512,KABEZA,WOODHAVEN,,RONNY
803,512,KABEZA,WOODHAVEN,R,KEN
804,512,KABEZA,WOODHAVEN,,SHAWNA
805,501,KEARNAY,WOODHAVE,E,SHAMIKA
806,501,KEARNAY,WOODHAVE,,ASHLEY
807,501,KEARNAY,WOODHAVE,,SHERMICE
808,620,MASLIN,STARKEY,C,ALMA
809,509,MITCHELL,WOODHAVEN,J,GEROME
810,509,MITCHELL,WOODHAVEN,M,DORETTA
811,105,MONGUM,EL DORADO,J,ROBERT
812,105,MONGUM,EL DORADO,,RAKIA
813,112,RAMOS,BRANTWOOD,K,SONYA
814,110,RHOADS,BRANTWOOD,C,JEFFREY
815,110,RHOADS,BRANTWOOD,,HENRIETTA
816,110,RHOADS,BRANTWOOD,M,JANIE
817,110,RHOADS,BRANTWOOD,,JEANNE
818,315,RICHARDSONIII,WOODHAVEN,E,EMMIT
819,315,RICHARDSONIII,WOODHAVEN,R,TOMICA
820,104,RIVERA,BRANTONWOOD,U,JOHN
821,104,RIVERA,BRANTONWOOD,K,STEWART
822,101,RODRIGUEZ,EL DORADO,V,JOSHUA
823,101,RODRIGUEZ,EL DORADO,E,RUBY
824,301,SPINWATO,71ST,M,SILYIA
825,505,STEWART,WOODHAVEN,A,FRED
826,505,STEWART,WOODHAVEN,A,SHANTELL
827,102,STOPPY,BRANTWOOD,F,JEFFREY
828,102,STOPPY,BRANTWOOD,E,FRANK
829,102,STOPPY,BRANTWOOD,F,ELOUISE
830,102,STOPPY,BRANTWOOD,B,QUIYINA
831,102,STOPPY,BRANTWOOD,A,ALIE
832,103,WILKS,EL DORADO,W,BENEDICT
833,103,WILKS,EL DORADO,M,STEVEN
834,103,WILKS,EL DORADO,L,HARRIET
835,510,WILLIAM,WOODHAVEN,A,CHARLEY
836,510,WILLIAM,WOODHAVEN,V,SHERRY
837,307,WRIGHT,WOODHAVEN,,BRYAN
838,307,WRIGHT,WOODHAVEN,H,MAXINE
839,403,YATES,WOODHAVEN,E,CHANSE
840,403,YATES,WOODHAVEN,S,ALFREDICA
